100-100-asd,192.168.0.107
100-101-First,192.168.0.107
100-102_1_Second,192.168.0.107
100-102_1_Second-R,192.168.0.107
100-103_g_6,192.168.0.108
100-104_h_8,192.168.0.107
100-104_h_8-R,192.168.0.107
100-105_k_9,192.168.0.108
100-105_k_9-R,192.168.0.108
100-106_K_10,192.168.0.107
100-106_K_10-R,192.168.0.107
100-107_K_11,192.168.0.108
100-107_K_11-R,192.168.0.108
100-108_K_12,192.168.0.107
100-108_K_12-R,192.168.0.107
100-109_J,192.168.0.107
100-109_J-R,192.168.0.107
100-110_J1,192.168.0.107
100-110_J1-R,192.168.0.107
100-111_asd,192.168.0.107
100-112_asd,192.168.0.107
100-113_ko,192.168.0.108
100-113_ko-R,192.168.0.108
100-114_koi,192.168.0.108
100-115_koi1,192.168.0.107
100-116_ki,192.168.0.107
100-117_lop9,192.168.0.108
100-118_lop0,192.168.0.108
100-119_lop6,192.168.0.107
100-120_lop9,192.168.0.108
100-121_jik,192.168.0.108
100-122_kio,192.168.0.107
100-122_kio-R,192.168.0.107
100-123_jk,192.168.0.108
100-124_as,192.168.0.107
100-124_hasd,192.168.0.107
100-125_asd,192.168.0.107
100-125_jias,192.168.0.107
100-126_asd,192.168.0.108
100-127_as,192.168.0.108
100-127_asd,192.168.0.107
100-127_asd-R,192.168.0.107
100-127_asd_2018_02_25_23_36_22,192.168.0.107
100-127_asd_2018_02_25_23_38_32,192.168.0.108
100-128_asd_2018_02_25_23_41_09,192.168.0.107
100-129_asd_2018_02_25_23_42_04,192.168.0.108
100-130_asd_2018_02_25_23_43_21,192.168.0.108
